word,level,pos
abandon,b2,verb
ability,a2,noun
able,a2,adjective
about,a1,adverb
above,a1,adverb
abroad,a2,adverb
absolute,b2,adjective
absolutely,b1,adverb
academic,b1,adjective
academic,b2,noun
accept,a2,verb
acceptable,b2,adjective
access,b1,verb
accident,a2,noun
accommodation,b1,noun
accompany,b2,verb
account,b1,noun
account,b2,verb
accurate,b2,adjective
accuse,b2,verb
achieve,a2,verb
achievement,b1,noun
acknowledge,b2,verb
acquire,b2,verb
across,a1,adverb
act,b1,noun
act,a2,verb
action,a1,noun
active,a2,adjective
activity,a1,noun
actor,a1,noun
actress,a1,noun
actual,b2,adjective
actually,a2,adverb
ad,b1,noun
adapt,b2,verb
add,a1,verb
addition,b1,noun
additional,b2,adjective
address,a1,noun
address,b2,verb
administration,b2,noun
admire,b1,verb
admit,b1,verb
adopt,b2,verb
adult,a2,adjective
adult,a1,noun
advance,b2,adjective
advance,b2,noun
advance,b2,verb
advanced,b1,adjective
advantage,a2,noun
adventure,a2,noun
advertise,a2,verb
advertisement,a2,noun
advertising,a2,noun
advice,a1,noun
advise,b1,verb
affair,b2,noun
affect,a2,verb
afford,b1,verb
afraid,a1,adjective
after,a2,adverb
afternoon,a1,noun
afterwards,b2,adverb
again,a1,adverb
age,a1,noun
age,b1,verb
aged,b1,adjective
agency,b2,noun
agenda,b2,noun
agent,b1,noun
aggressive,b2,adjective
ago,a1,adverb
agree,a1,verb
agreement,b1,noun
ahead,b1,adverb
aid,b2,noun
aid,b2,verb
aim,b1,noun
aim,b1,verb
air,a1,noun
aircraft,b2,noun
airline,a2,noun
airport,a1,noun
alarm,b1,noun
alarm,b2,verb
album,b1,noun
alcohol,b1,noun
alcoholic,b1,adjective
alive,a2,adjective
all,a2,adverb
all right,a2,adjective
all right,a2,adverb
allow,a2,verb
almost,a2,adverb
alone,a2,adjective
alone,a2,adverb
along,a2,adverb
already,a2,adverb
also,a1,adverb
alter,b2,verb
alternative,b1,adjective
alternative,a2,noun
always,a1,adverb
amazed,b1,adjective
amazing,a1,adjective
ambition,b1,noun
ambitious,b1,adjective
amount,a2,noun
amount,b2,verb
analyse,b1,verb
analysis,b1,noun
ancient,a2,adjective
anger,b2,noun
angle,b2,noun
angry,a1,adjective
animal,a1,noun
ankle,a2,noun
anniversary,b2,noun
announce,b1,verb
announcement,b1,noun
annoy,b1,verb
annoyed,b1,adjective
annoying,b1,adjective
annual,b2,adjective
answer,a1,noun
answer,a1,verb
anxious,b2,adjective
any,a2,adverb
any more,a2,adverb
anyway,a2,adverb
anywhere,a2,adverb
apart,b1,adverb
apartment,a1,noun
apologize,b1,verb
app,a2,noun
apparent,b2,adjective
apparently,b2,adverb
appeal,b2,noun
appeal,b2,verb
appear,a2,verb
appearance,a2,noun
apple,a1,noun
application,b1,noun
apply,a2,verb
appointment,b1,noun
appreciate,b1,verb
approach,b2,noun
approach,b2,verb
appropriate,b2,adjective
approval,b2,noun
approve,b2,verb
approximately,b1,adverb
april,a1,noun
architect,a2,noun
architecture,a2,noun
area,a1,noun
argue,a2,verb
argument,a2,noun
arise,b2,verb
arm,a1,noun
armed,b2,adjective
arms,b2,noun
army,a2,noun
around,a1,adverb
arrange,a2,verb
arrangement,a2,noun
arrest,b1,noun
arrest,b1,verb
arrival,b1,noun
arrive,a1,verb
art,a1,noun
article,a1,noun
artificial,b2,adjective
artist,a1,noun
artistic,b2,adjective
as,a2,adverb
ashamed,b2,adjective
ask,a1,verb
asleep,a2,adjective
aspect,b2,noun
assess,b2,verb
assessment,b2,noun
assignment,b1,noun
assist,b1,verb
assistant,a2,adjective
assistant,a2,noun
associate,b2,verb
associated,b2,adjective
association,b2,noun
assume,b2,verb
athlete,a2,noun
atmosphere,b1,noun
attach,b1,verb
attack,a2,noun
attack,a2,verb
attempt,b2,noun
attempt,b2,verb
attend,a2,verb
attention,a2,noun
attitude,b1,noun
attract,b1,verb
attraction,b1,noun
attractive,a2,adjective
audience,a2,noun
august,a1,noun
aunt,a1,noun
author,a2,noun
authority,b1,noun
autumn,a1,noun
available,a2,adjective
average,a2,adjective
average,a2,noun
average,b1,verb
avoid,a2,verb
award,a2,noun
award,b1,verb
aware,b1,adjective
away,a1,adverb
awful,a2,adjective
baby,a1,noun
back,a2,adjective
back,a1,adverb
back,a1,noun
back,b2,verb
background,a2,noun
backwards,b1,adverb
bacteria,b2,noun
bad,a1,adjective
badly,a2,adverb
bag,a1,noun
bake,b1,verb
balance,b1,noun
balance,b1,verb
ball,a1,noun
ban,b1,noun
ban,b1,verb
banana,a1,noun
band,a1,noun
bank,a1,noun
bar,a2,noun
bar,b2,verb
barrier,b2,noun
base,b1,noun
base,b1,verb
baseball,a2,noun
based,a2,adjective
basic,b1,adjective
basically,b2,adverb
basis,b1,noun
basketball,a2,noun
bath,a1,noun
bathroom,a1,noun
battery,b1,noun
battle,b1,noun
battle,b2,verb
be,a1,verb
beach,a1,noun
bean,a2,noun
bear,a2,noun
bear,b2,verb
beat,b2,noun
beat,a2,verb
beautiful,a1,adjective
beauty,b1,noun
become,a1,verb
bed,a1,noun
bedroom,a1,noun
bee,b1,noun
beef,a2,noun
beer,a1,noun
before,a2,adverb
beg,b2,verb
begin,a1,verb
beginning,a1,noun
behave,a2,verb
behaviour,a2,noun
behind,a1,adverb
being,b2,noun
belief,b1,noun
believe,a1,verb
bell,b1,noun
belong,a2,verb
below,a1,adverb
belt,a2,noun
bend,b1,noun
bend,b1,verb
benefit,a2,noun
benefit,b1,verb
bent,b2,adjective
best,a1,adjective
best,a2,adverb
best,a2,noun
bet,b2,noun
bet,b2,verb
better,a1,adjective
better,a2,adverb
better,b1,noun
between,a2,adverb
beyond,b2,adverb
bicycle,a1,noun
big,a1,adjective
bike,a1,noun
bill,a1,noun
bill,b2,verb
bin,a2,noun
biology,a2,noun
bird,a1,noun
birth,a2,noun
birthday,a1,noun
biscuit,a2,noun
bit,a2,noun
bite,b1,noun
bite,b1,verb
bitter,b2,adjective
black,a1,adjective
black,a1,noun
blame,b2,noun
blame,b2,verb
blank,a2,adjective
blank,a2,noun
blind,b2,adjective
block,b1,noun
block,b1,verb
blog,a1,noun
blonde,a1,adjective
blood,a2,noun
blow,a2,verb
blue,a1,adjective
blue,a1,noun
board,a2,noun
board,b1,verb
boat,a1,noun
body,a1,noun
boil,a2,verb
bomb,b1,noun
bomb,b1,verb
bond,b2,noun
bone,a2,noun
book,a1,noun
book,a2,verb
boot,a1,noun
border,b1,noun
border,b2,verb
bored,a1,adjective
boring,a1,adjective
born,a1,verb
borrow,a2,verb
boss,a2,noun
bother,b1,verb
bottle,a1,noun
bottom,a2,adjective
bottom,a2,noun
bowl,a2,noun
box,a1,noun
boy,a1,noun
boyfriend,a1,noun
brain,a2,noun
branch,b1,noun
brand,b1,noun
brand,b1,verb
brave,b1,adjective
bread,a1,noun
break,a1,noun
break,a1,verb
breakfast,a1,noun
breast,b2,noun
breath,b1,noun
breathe,b1,verb
breathing,b1,noun
bride,b1,noun
bridge,a2,noun
brief,b2,adjective
bright,a2,adjective
brilliant,a2,adjective
bring,a1,verb
broad,b2,adjective
broadcast,b2,noun
broadcast,b2,verb
broken,a2,adjective
brother,a1,noun
brown,a1,adjective
brown,a1,noun
brush,a2,noun
brush,a2,verb
bubble,b1,noun
budget,b2,noun
build,a1,verb
building,a1,noun
bullet,b2,noun
bunch,b2,noun
burn,b2,noun
burn,a2,verb
bury,b1,verb
bus,a1,noun
bush,b2,noun
business,a1,noun
businessman,a2,noun
busy,a1,adjective
butter,a1,noun
button,a2,noun
buy,a1,verb
by,b1,adverb
cable,b2,noun
cafe,a1,noun
cake,a1,noun
calculate,b2,verb
call,a1,noun
call,a1,verb
calm,b1,adjective
calm,b1,noun
calm,b1,verb
camera,a1,noun
camp,a2,noun
camp,a2,verb
campaign,b1,noun
campaign,b1,verb
camping,a2,noun
campus,b1,noun
can,a2,noun
cancel,b2,verb
cancer,b2,noun
candidate,b1,noun
cap,b1,noun
capable,b2,adjective
capacity,b2,noun
capital,a1,adjective
capital,a1,noun
captain,b1,noun
capture,b2,noun
capture,b2,verb
car,a1,noun
card,a1,noun
care,a2,noun
care,a2,verb
career,a1,noun
careful,a2,adjective
carefully,a2,adverb
careless,b1,adjective
carpet,a2,noun
carrot,a1,noun
carry,a1,verb
cartoon,a2,noun
case,a2,noun
cash,a2,noun
cast,b2,noun
cast,b2,verb
castle,a2,noun
cat,a1,noun
catch,b2,noun
catch,a2,verb
category,b1,noun
cause,a2,noun
cause,a2,verb
cd,a1,noun
ceiling,b1,noun
celebrate,a2,verb
celebration,b1,noun
celebrity,a2,noun
cell,b2,noun
cent,a1,noun
central,b1,adjective
centre,a1,noun
centre,b1,verb
century,a1,noun
ceremony,b1,noun
certain,a2,adjective
certainly,a2,adverb
chain,b1,noun
chain,b2,verb
chair,a1,noun
chair,b2,verb
chairman,b2,noun
challenge,b1,noun
challenge,b2,verb
champion,b1,noun
chance,a2,noun
change,a1,noun
change,a1,verb
channel,b1,noun
chapter,b1,noun
character,a2,noun
characteristic,b2,adjective
characteristic,b2,noun
charge,b1,noun
charge,b1,verb
charity,a2,noun
chart,a1,noun
chart,b2,verb
chat,a2,noun
chat,a2,verb
cheap,a1,adjective
cheap,b1,adverb
cheat,b1,noun
cheat,b1,verb
check,a2,noun
check,a1,verb
cheerful,b1,adjective
cheese,a1,noun
chef,a2,noun
chemical,b1,adjective
chemical,b1,noun
chemistry,a2,noun
chest,b1,noun
chicken,a1,noun
chief,b2,adjective
chief,b2,noun
child,a1,noun
childhood,b1,noun
chip,a2,noun
chocolate,a1,noun
choice,a2,noun
choose,a1,verb
church,a2,noun
cigarette,a2,noun
cinema,a1,noun
circle,a2,noun
circle,a2,verb
circumstance,b2,noun
cite,b2,verb
citizen,b2,noun
city,a1,noun
civil,b2,adjective
claim,b1,noun
claim,b1,verb
class,a1,noun
classic,b2,adjective
classic,b2,noun
classical,a2,adjective
classroom,a1,noun
clause,b1,noun
clean,a1,adjective
clean,a1,verb
clear,a2,adjective
clear,b1,verb
clearly,a2,adverb
clever,a2,adjective
click,b1,noun
click,b1,verb
client,b1,noun
climate,a2,noun
climb,b1,noun
climb,a1,verb
clock,a1,noun
close,a2,adjective
close,b1,adverb
close,b2,noun
close,a1,verb
closed,a2,adjective
closely,b2,adverb
cloth,b1,noun
clothes,a1,noun
clothing,a2,noun
cloud,a2,noun
club,a1,noun
clue,b1,noun
coach,a2,noun
coach,b1,verb
coal,b1,noun
coast,a2,noun
coat,a1,noun
code,a2,noun
coffee,a1,noun
coin,b1,noun
cold,a1,adjective
cold,a1,noun
collapse,b2,noun
collapse,b2,verb
colleague,a2,noun
collect,a2,verb
collection,b1,noun
college,a1,noun
colour,a1,noun
coloured,b1,adjective
column,a2,noun
combination,b2,noun
combine,b1,verb
come,a1,verb
comedy,a2,noun
comfort,b2,noun
comfort,b2,verb
comfortable,a2,adjective
command,b2,noun
command,b2,verb
comment,a2,noun
comment,b1,verb
commercial,b1,adjective
commercial,b1,noun
commission,b2,noun
commission,b2,verb
commit,b1,verb
commitment,b2,noun
committee,b2,noun
common,a1,adjective
commonly,b2,adverb
communicate,a2,verb
communication,b1,noun
community,a2,noun
company,a1,noun
compare,a1,verb
comparison,b1,noun
compete,a2,verb
competition,a2,noun
competitive,b1,adjective
competitor,b1,noun
complain,a2,verb
complaint,b1,noun
complete,a1,adjective
complete,a1,verb
completely,a2,adverb
complex,b1,adjective
complex,b2,noun
complicated,b2,adjective
component,b2,noun
computer,a1,noun
concentrate,b1,verb
concentration,b2,noun
concept,b2,noun
concern,b2,noun
concern,b2,verb
concerned,b2,adjective
concert,a1,noun
conclude,b1,verb
conclusion,b1,noun
condition,a2,noun
conduct,b2,noun
conduct,b2,verb
conference,a2,noun
confidence,b2,noun
confident,b1,adjective
confirm,b1,verb
conflict,b2,noun
conflict,b2,verb
confuse,b1,verb
confused,b1,adjective
confusing,b2,adjective
connect,a2,verb
connected,a2,adjective
connection,b1,noun
conscious,b2,adjective
consequence,b1,noun
conservative,b2,adjective
conservative,b2,noun
consider,a2,verb
consideration,b2,noun
consist,b1,verb
consistent,b2,adjective
constant,b2,adjective
constantly,b2,adverb
construct,b2,verb
construction,b2,noun
consume,b1,verb
consumer,b1,noun
contact,b1,noun
contact,b1,verb
contain,a2,verb
container,b1,noun
contemporary,b2,adjective
content,b1,noun
contest,b2,noun
contest,b2,verb
context,a2,noun
continent,a2,noun
continue,a2,verb
continuous,b1,adjective
contract,b2,noun
contract,b2,verb
contrast,b1,noun
contrast,b1,verb
contribute,b2,verb
contribution,b2,noun
control,a2,noun
control,a2,verb
convenient,b1,adjective
conversation,a1,noun
convert,b2,verb
convince,b1,verb
convinced,b2,adjective
cook,a2,noun
cook,a1,verb
cooker,a2,noun
cooking,a1,noun
cool,a1,adjective
cool,b1,verb
copy,a2,noun
copy,a2,verb
core,b2,adjective
core,b2,noun
corner,a2,noun
corporate,b2,adjective
correct,a1,adjective
correct,a1,verb
correctly,a2,adverb
cost,a1,noun
cost,a1,verb
costume,b1,noun
cottage,b1,noun
cotton,b1,noun
council,b2,noun
count,b1,noun
count,a2,verb
country,a1,noun
countryside,b1,noun
county,b2,noun
couple,a2,noun
courage,b2,noun
course,a1,noun
court,b1,noun
cousin,a1,noun
cover,b1,noun
cover,a2,verb
covered,b1,adjective
cow,a1,noun
crash,b2,noun
crash,b2,verb
crazy,a2,adjective
cream,b1,adjective
cream,a1,noun
create,a1,verb
creation,b2,noun
creative,a2,adjective
creature,b2,noun
credit,a2,noun
credit,b2,verb
crew,b2,noun
crime,a2,noun
criminal,b1,adjective
criminal,a2,noun
crisis,b2,noun
criterion,b2,noun
critic,b2,noun
critical,b2,adjective
criticism,b2,noun
criticize,b2,verb
crop,b2,noun
cross,a2,noun
cross,a2,verb
crowd,a2,noun
crowded,a2,adjective
crucial,b2,adjective
cruel,b1,adjective
cry,b2,noun
cry,a2,verb
cultural,b1,adjective
culture,a1,noun
cup,a1,noun
cupboard,a2,noun
cure,b2,noun
cure,b2,verb
curly,a2,adjective
currency,b1,noun
current,b1,adjective
current,b2,noun
currently,b1,adverb
curtain,b1,noun
curve,b2,noun
curve,b2,verb
curved,b2,adjective
custom,b1,noun
customer,a1,noun
cut,b1,noun
cut,a1,verb
cycle,a2,noun
cycle,a2,verb
dad,a1,noun
daily,a2,adjective
daily,b1,adverb
damage,b1,noun
damage,b1,verb
dance,a1,noun
dance,a1,verb
dancer,a1,noun
dancing,a1,noun
danger,a2,noun
dangerous,a1,adjective
dark,a1,adjective
dark,a2,noun
data,a2,noun
date,a1,noun
date,b2,verb
daughter,a1,noun
day,a1,noun
dead,a2,adjective
deal,b1,noun
deal,a2,verb
dear,a1,adjective
death,a2,noun
debate,b2,noun
debate,b2,verb
debt,b2,noun
decade,b1,noun
december,a1,noun
decent,b2,adjective
decide,a1,verb
decision,a2,noun
declare,b2,verb
decline,b2,noun
decline,b2,verb
decorate,b1,verb
decoration,b2,noun
decrease,b2,noun
decrease,b2,verb
deep,a2,adjective
deep,b1,adverb
deeply,b2,adverb
defeat,b2,noun
defeat,b2,verb
defence,b2,noun
defend,b2,verb
define,b1,verb
definite,b1,adjective
definitely,a2,adverb
definition,b1,noun
degree,a2,noun
delay,b2,noun
delay,b2,verb
deliberate,b2,adjective
deliberately,b2,adverb
delicious,a1,adjective
delight,b2,noun
delight,b2,verb
delighted,b2,adjective
deliver,b1,verb
delivery,b2,noun
demand,b2,noun
demand,b2,verb
demonstrate,b2,verb
dentist,a2,noun
deny,b2,verb
department,a2,noun
departure,b1,noun
depend,a2,verb
depressed,b2,adjective
depressing,b2,adjective
depth,b2,noun
describe,a1,verb
description,a1,noun
desert,a2,noun
desert,b2,verb
deserve,b2,verb
design,a1,noun
design,a1,verb
designer,a2,noun
desire,b2,noun
desire,b2,verb
desk,a1,noun
desperate,b2,adjective
destination,b1,noun
destroy,a2,verb
detail,a1,noun
detail,b2,verb
detailed,b2,adjective
detect,b2,verb
detective,a2,noun
determine,b1,verb
determined,b1,adjective
develop,a2,verb
development,b1,noun
device,a2,noun
diagram,b1,noun
dialogue,a1,noun
diamond,b1,noun
diary,a2,noun
dictionary,a1,noun
die,a1,verb
diet,a1,noun
difference,a1,noun
different,a1,adjective
differently,a2,adverb
difficult,a1,adjective
difficulty,b1,noun
dig,b2,verb
digital,a2,adjective
dinner,a1,noun
direct,a2,adjective
direct,b1,adverb
direct,b1,verb
direction,a2,noun
directly,b1,adverb
director,a2,noun
dirt,b1,noun
dirty,a1,adjective
disadvantage,b1,noun
disagree,a2,verb
disappear,a2,verb
disappointed,b1,adjective
disappointing,b1,adjective
disaster,a2,noun
disc,b2,noun
discipline,b2,noun
discount,b1,noun
discount,b2,verb
discover,a2,verb
discovery,a2,noun
discuss,a1,verb
discussion,a2,noun
disease,a2,noun
dish,a1,noun
dishonest,b2,adjective
disk,b2,noun
dislike,b1,noun
dislike,b1,verb
dismiss,b2,verb
display,b2,noun
display,b2,verb
distance,a2,noun
distribute,b2,verb
distribution,b2,noun
district,b2,noun
divide,b2,noun
divide,b1,verb
division,b2,noun
divorced,a2,adjective
do,a1,verb
doctor,a1,noun
document,a2,noun
document,b2,verb
documentary,b1,noun
dog,a1,noun
dollar,a1,noun
domestic,b2,adjective
dominate,b2,verb
donate,b1,verb
door,a1,noun
double,a2,adjective
double,b1,adverb
double,a2,verb
doubt,b1,noun
doubt,b1,verb
down,a1,adverb
download,a2,noun
download,a2,verb
downstairs,a2,adjective
downstairs,a1,adverb
downwards,b2,adverb
dozen,b2,noun
draft,b2,noun
draft,b2,verb
drag,b2,verb
drama,a2,noun
dramatic,b2,adjective
draw,a1,verb
drawing,a2,noun
dream,a2,noun
dream,a2,verb
dress,a1,noun
dress,a1,verb
dressed,b1,adjective
drink,a1,noun
drink,a1,verb
drive,a2,noun
drive,a1,verb
driver,a1,noun
driving,a2,noun
drop,b1,noun
drop,a2,verb
drug,a2,noun
drum,b1,noun
drunk,b1,adjective
dry,a2,adjective
dry,a2,verb
due,b1,adjective
dust,b1,noun
duty,b1,noun
dvd,a1,noun
each,a1,adverb
ear,a1,noun
early,a1,adjective
early,a1,adverb
earn,a2,verb
earth,a2,noun
earthquake,b1,noun
easily,a2,adverb
east,a1,adjective
east,a1,adverb
east,a1,noun
eastern,b1,adjective
easy,a1,adjective
eat,a1,verb
economic,b1,adjective
economy,b1,noun
edge,b1,noun
edit,b2,verb
edition,b2,noun
editor,b1,noun
educate,b1,verb
educated,b1,adjective
education,a2,noun
educational,b1,adjective
effect,a2,noun
effective,b1,adjective
effectively,b1,adverb
efficient,b2,adjective
effort,b1,noun
egg,a1,noun
either,a2,adverb
elderly,b2,adjective
elect,b2,verb
election,b1,noun
electric,a2,adjective
electrical,a2,adjective
electricity,a2,noun
electronic,a2,adjective
element,b1,noun
elephant,a1,noun
else,a1,adverb
elsewhere,b2,adverb
email,a1,noun
email,a1,verb
embarrassed,b1,adjective
embarrassing,b1,adjective
emerge,b2,verb
emergency,b1,noun
emotion,b1,noun
emotional,b2,adjective
emphasis,b2,noun
emphasize,b2,verb
employ,a2,verb
employee,a2,noun
employer,a2,noun
employment,b1,noun
empty,a2,adjective
empty,b1,verb
enable,b2,verb
encounter,b2,noun
encounter,b2,verb
encourage,b1,verb
end,a1,noun
end,a1,verb
ending,a2,noun
enemy,b1,noun
energy,a2,noun
engage,b2,verb
engaged,b1,adjective
engine,a2,noun
engineer,a2,noun
engineering,b1,noun
enhance,b2,verb
enjoy,a1,verb
enormous,a2,adjective
enough,a1,adverb
enquiry,b2,noun
ensure,b2,verb
enter,a2,verb
entertain,b1,verb
entertainment,b1,noun
enthusiasm,b2,noun
enthusiastic,b2,adjective
entire,b2,adjective
entirely,b2,adverb
entrance,b1,noun
entry,b1,noun
environment,a2,noun
environmental,b1,adjective
episode,b1,noun
equal,b1,adjective
equal,b2,noun
equal,b1,verb
equally,b1,adverb
equipment,a2,noun
error,a2,noun
escape,b1,noun
escape,b1,verb
especially,a2,adverb
essay,a2,noun
essential,b1,adjective
establish,b2,verb
estate,b2,noun
estimate,b2,noun
estimate,b2,verb
ethical,b2,adjective
euro,a1,noun
evaluate,b2,verb
even,b2,adjective
even,a1,adverb
evening,a1,noun
event,a1,noun
eventually,b1,adverb
ever,a1,adverb
everyday,a2,adjective
everywhere,a2,adverb
evidence,a2,noun
evil,b2,adjective
evil,b2,noun
exact,a2,adjective
exactly,a2,adverb
exam,a1,noun
examination,b2,noun
examine,b1,verb
example,a1,noun
excellent,a2,adjective
exchange,b1,noun
exchange,b1,verb
excited,a1,adjective
excitement,b1,noun
exciting,a1,adjective
excuse,b2,noun
excuse,b2,verb
executive,b2,adjective
executive,b2,noun
exercise,a1,noun
exercise,a1,verb
exhibition,b1,noun
exist,a2,verb
existence,b2,noun
expand,b1,verb
expect,a2,verb
expectation,b2,noun
expected,b1,adjective
expedition,b1,noun
expense,b2,noun
expensive,a1,adjective
experience,a2,noun
experience,b1,verb
experienced,b1,adjective
experiment,a2,noun
experiment,b1,verb
expert,a2,adjective
expert,a2,noun
explain,a1,verb
explanation,a2,noun
explode,b1,verb
exploration,b2,noun
explore,b1,verb
explosion,b1,noun
export,b1,noun
export,b1,verb
expose,b2,verb
express,a2,verb
expression,a2,noun
extend,b2,verb
extent,b2,noun
external,b2,adjective
extra,a1,adjective
extra,b1,adverb
extra,b1,noun
extraordinary,b2,adjective
extreme,a2,adjective
extreme,b2,noun
extremely,a2,adverb
eye,a1,noun
face,a1,noun
face,b1,verb
facility,b2,noun
fact,a1,noun
factor,a2,noun
factory,a2,noun
fail,a2,verb
failure,b2,noun
fair,a2,adjective
fairly,b1,adverb
faith,b2,noun
fall,a2,noun
fall,a1,verb
false,a1,adjective
familiar,b1,adjective
family,a1,adjective
family,a1,noun
famous,a1,adjective
fan,a2,noun
fancy,b1,adjective
fancy,b1,verb
fantastic,a1,adjective
far,b1,adjective
far,a1,adverb
farm,a1,noun
farm,a2,verb
farmer,a1,noun
farming,a2,noun
fascinating,b1,adjective
fashion,a2,noun
fashionable,b1,adjective
fast,a1,adjective
fast,a1,adverb
fasten,b1,verb
fat,a1,adjective
fat,a2,noun
father,a1,noun
fault,b2,noun
favour,b1,noun
favour,b2,verb
favourite,a1,adjective
favourite,a1,noun
fear,a2,noun
fear,b1,verb
feather,b2,noun
feature,a2,noun
feature,b1,verb
february,a1,noun
fee,b2,noun
feed,b2,noun
feed,a2,verb
feedback,b2,noun
feel,b2,noun
feel,a1,verb
feeling,a1,noun
fellow,b2,adjective
female,a2,adjective
female,a2,noun
fence,b1,noun
festival,a1,noun
few,a1,adjective
fiction,a2,noun
field,a2,noun
fight,a2,noun
fight,a2,verb
fighting,b1,noun
figure,a2,noun
figure,b2,verb
file,b1,noun
file,b2,verb
fill,a1,verb
film,a1,noun
film,a2,verb
final,a1,adjective
final,a2,noun
finally,a2,adverb
finance,b2,noun
finance,b2,verb
financial,b1,adjective
find,a1,verb
finding,b2,noun
fine,a1,adjective
finger,a2,noun
finish,a2,noun
finish,a1,verb
fire,a1,noun
fire,b1,verb
firm,b2,noun
first,a1,adverb
first,a2,noun
firstly,a2,adverb
fish,a1,noun
fish,a2,verb
fishing,a2,noun
fit,a2,adjective
fit,a2,verb
fitness,b1,noun
fix,b2,noun
fix,a2,verb
fixed,b1,adjective
flag,b1,noun
flame,b2,noun
flash,b2,noun
flash,b2,verb
flat,a2,adjective
flat,a1,noun
flexible,b2,adjective
flight,a1,noun
float,b2,verb
flood,b1,noun
flood,b1,verb
floor,a1,noun
flour,b1,noun
flow,b1,noun
flow,b1,verb
flower,a1,noun
flu,a2,noun
fly,a2,noun
fly,a1,verb
flying,a2,adjective
flying,a2,noun
focus,a2,noun
focus,a2,verb
fold,b2,noun
fold,b1,verb
folding,b2,adjective
folk,b1,adjective
folk,b1,noun
follow,a1,verb
following,a2,adjective
following,b1,noun
food,a1,noun
foot,a1,noun
football,a1,noun
force,b1,noun
force,b1,verb
foreign,a2,adjective
forest,a2,noun
forever,b1,adverb
forget,a1,verb
forgive,b2,verb
fork,a2,noun
form,a1,noun
form,a1,verb
formal,a2,adjective
former,b2,adjective
fortunately,a2,adverb
fortune,b2,noun
forward,b2,adjective
forward,a2,adverb
found,b2,verb
frame,b1,noun
frame,b1,verb
free,a1,adjective
free,a2,adverb
free,b2,verb
freedom,b2,noun
freeze,b1,verb
frequency,b2,noun
frequently,b1,adverb
fresh,a2,adjective
friday,a1,noun
fridge,a2,noun
friend,a1,noun
friendly,a1,adjective
friendship,b1,noun
frighten,b1,verb
frightened,b1,adjective
frightening,b1,adjective
frog,a2,noun
front,a1,adjective
front,a1,noun
frozen,b1,adjective
fruit,a1,noun
fry,b1,verb
fuel,b1,noun
fuel,b2,verb
full,a1,adjective
fully,b2,adverb
fun,a2,adjective
fun,a1,noun
function,b1,noun
function,b2,verb
fund,b2,noun
fund,b2,verb
fundamental,b2,adjective
funding,b2,noun
funny,a1,adjective
fur,b1,noun
furniture,a2,noun
further,a2,adjective
further,b1,adverb
furthermore,b2,adverb
future,a2,adjective
future,a1,noun
gain,b2,noun
gain,b2,verb
gallery,a2,noun
game,a1,noun
gang,b2,noun
gap,a2,noun
garage,b1,noun
garden,a1,noun
gas,a2,noun
gate,a2,noun
gather,b1,verb
general,a2,adjective
generally,b1,adverb
generate,b2,verb
generation,b1,noun
generous,b1,adjective
genre,b2,noun
gentle,b1,adjective
gentleman,b1,noun
geography,a1,noun
get,a1,verb
ghost,b1,noun
giant,b1,adjective
giant,b1,noun
gift,a2,noun
girl,a1,noun
girlfriend,a1,noun
give,a1,verb
glad,b1,adjective
glass,a1,noun
global,b1,adjective
glove,b1,noun
go,b1,noun
go,a1,verb
goal,a2,noun
god,a2,noun
gold,a2,adjective
gold,a2,noun
golf,a2,noun
good,a1,adjective
good,a2,noun
goodbye,a1,noun
goods,b1,noun
govern,b2,verb
government,a2,noun
grab,b2,verb
grade,b1,noun
grade,b2,verb
gradually,b2,adverb
graduate,b1,noun
graduate,b1,verb
grain,b1,noun
grand,b2,adjective
grandfather,a1,noun
grandmother,a1,noun
grandparent,a1,noun
grant,b2,noun
grant,b2,verb
grass,a2,noun
grateful,b1,adjective
great,a1,adjective
green,a1,adjective
green,a1,noun
greet,a2,verb
grey,a1,adjective
grey,a1,noun
ground,a2,noun
group,a1,noun
grow,a1,verb
growth,b1,noun
guarantee,b2,noun
guarantee,b2,verb
guard,b1,noun
guard,b1,verb
guess,a1,noun
guess,a1,verb
guest,a2,noun
guide,a2,noun
guide,a2,verb
guilty,b1,adjective
guitar,a1,noun
gun,a2,noun
guy,a2,noun
gym,a1,noun
habit,a2,noun
hair,a1,noun
half,a2,adverb
half,a1,noun
hall,a2,noun
hand,a1,noun
hand,b1,verb
handle,b2,noun
handle,b2,verb
hang,b1,verb
happen,a1,verb
happily,a2,adverb
happiness,b1,noun
happy,a1,adjective
hard,a1,adjective
hard,a1,adverb
hardly,b1,adverb
harm,b2,noun
harm,b2,verb
harmful,b2,adjective
hat,a1,noun
hate,b1,noun
hate,a1,verb
have,a1,verb
head,a1,noun
head,b1,verb
headache,a2,noun
headline,b1,noun
health,a1,noun
healthy,a1,adjective
hear,a1,verb
hearing,b2,noun
heart,a2,noun
heat,a2,noun
heat,a2,verb
heating,b1,noun
heaven,b2,noun
heavily,b1,adverb
heavy,a2,adjective
heel,b2,noun
height,a2,noun
helicopter,b1,noun
hell,b2,noun
hello,a1,noun
help,a1,noun
help,a1,verb
helpful,a2,adjective
here,a1,adverb
hero,a2,noun
hesitate,b2,verb
hide,a2,verb
high,a1,adjective
high,a2,adverb
high,b2,noun
highlight,b1,noun
highlight,b1,verb
highly,b1,adverb
hill,a2,noun
hire,b2,noun
hire,b1,verb
historic,b1,adjective
historical,b1,adjective
history,a1,noun
hit,a2,noun
hit,a2,verb
hobby,a1,noun
hockey,a2,noun
hold,b2,noun
hold,a2,verb
hole,a2,noun
holiday,a1,noun
hollow,b2,adjective
holy,b2,adjective
home,a2,adjective
home,a1,adverb
home,a1,noun
homework,a1,noun
honest,b1,adjective
honour,b2,noun
honour,b2,verb
hope,a2,noun
hope,a1,verb
horrible,b1,adjective
horror,b1,noun
horse,a1,noun
hospital,a1,noun
host,b1,noun
host,b2,verb
hot,a1,adjective
hotel,a1,noun
hour,a1,noun
house,a1,noun
house,b2,verb
household,b2,noun
housing,b2,noun
how,a1,adverb
however,a1,adverb
huge,a2,adjective
human,a2,adjective
human,a2,noun
humorous,b2,adjective
humour,b2,noun
hungry,a1,adjective
hunt,b2,noun
hunt,b1,verb
hunting,b2,noun
hurricane,b1,noun
hurry,b1,noun
hurry,b1,verb
hurt,a2,adjective
hurt,b2,noun
hurt,a2,verb
husband,a1,noun
ice,a1,noun
ice cream,a1,noun
idea,a1,noun
ideal,a2,adjective
ideal,b2,noun
identify,a2,verb
identity,b1,noun
ignore,b1,verb
ill,a2,adjective
illegal,b1,adjective
illness,a2,noun
illustrate,b2,verb
illustration,b2,noun
image,a2,noun
imaginary,b1,adjective
imagination,b2,noun
imagine,a1,verb
immediate,b1,adjective
immediately,a2,adverb
immigrant,b1,noun
impact,b1,noun
impact,b1,verb
impatient,b2,adjective
imply,b2,verb
import,b1,noun
import,b1,verb
importance,b1,noun
important,a1,adjective
impose,b2,verb
impossible,a2,adjective
impress,b2,verb
impressed,b2,adjective
impression,b1,noun
impressive,b1,adjective
improve,a1,verb
improvement,b1,noun
in,a1,adverb
inch,b2,noun
incident,b2,noun
include,a1,verb
included,a2,adjective
income,b2,noun
increase,a2,noun
increase,a2,verb
increasingly,b2,adverb
incredible,a2,adjective
incredibly,b1,adverb
indeed,b1,adverb
independent,a2,adjective
indicate,b1,verb
indirect,b1,adjective
individual,a2,adjective
individual,a2,noun
indoor,b1,adjective
indoors,b1,adverb
industrial,b2,adjective
industry,a2,noun
infection,b2,noun
influence,b1,noun
influence,b1,verb
inform,b2,verb
informal,a2,adjective
information,a1,noun
ingredient,b1,noun
initial,b2,adjective
initially,b2,adverb
initiative,b2,noun
injure,b1,verb
injured,b1,adjective
injury,a2,noun
inner,b2,adjective
innocent,b1,adjective
inquiry,b2,noun
insect,a2,noun
inside,a2,adjective
inside,a2,adverb
inside,a2,noun
insight,b2,noun
insist,b2,verb
inspire,b2,verb
install,b2,verb
instance,b2,noun
instead,a2,adverb
institute,b2,noun
institution,b2,noun
instruction,a2,noun
instructor,a2,noun
instrument,a2,noun
insurance,b2,noun
intelligence,b1,noun
intelligent,a2,adjective
intend,b1,verb
intended,b2,adjective
intense,b2,adjective
intention,b1,noun
interest,a1,noun
interest,a1,verb
interested,a1,adjective
interesting,a1,adjective
internal,b2,adjective
international,a2,adjective
internet,a1,noun
interpret,b2,verb
interrupt,b2,verb
interview,a1,noun
interview,a1,verb
introduce,a1,verb
introduction,a2,noun
invent,a2,verb
invention,a2,noun
invest,b1,verb
investigate,b1,verb
investigation,b2,noun
investment,b2,noun
invitation,a2,noun
invite,a2,verb
involve,a2,verb
involved,b1,adjective
iron,b1,noun
iron,b1,verb
island,a1,noun
issue,b1,noun
issue,b2,verb
it,b1,noun
item,a2,noun
jacket,a1,noun
jam,a2,noun
january,a1,noun
jazz,a2,noun
jeans,a1,noun
jewellery,a2,noun
job,a1,noun
join,a1,verb
joke,a2,noun
joke,a2,verb
journal,b1,noun
journalist,a2,noun
journey,a1,noun
joy,b2,noun
judge,b1,noun
judge,b1,verb
judgement,b2,noun
juice,a1,noun
july,a1,noun
jump,a2,noun
jump,a2,verb
june,a1,noun
junior,b2,adjective
just,a1,adverb
justice,b2,noun
justify,b2,verb
keen,b1,adjective
keep,a1,verb
key,a1,adjective
key,a1,noun
key,b1,verb
keyboard,b1,noun
kick,b1,noun
kick,b1,verb
kid,a2,noun
kill,a2,verb
killing,b1,noun
kilometre,a1,noun
kind,b1,adjective
kind,a1,noun
king,a2,noun
kiss,b1,noun
kiss,b1,verb
kitchen,a1,noun
knee,a2,noun
knife,a2,noun
knock,b1,noun
knock,a2,verb
know,a1,verb
knowledge,a2,noun
lab,a2,noun
label,b1,noun
label,b1,verb
laboratory,b1,noun
labour,b2,noun
lack,b1,noun
lack,b1,verb
lady,a2,noun
lake,a2,noun
lamp,a2,noun
land,a1,noun
land,a2,verb
landscape,b2,noun
language,a1,noun
laptop,a2,noun
large,a1,adjective
largely,b2,adverb
last,a2,adverb
last,a2,noun
last,a2,verb
late,a1,adjective
late,a1,adverb
later,a2,adjective
later,a1,adverb
latest,b1,adjective
latest,b2,noun
laugh,a1,noun
laugh,a1,verb
laughter,a2,noun
launch,b2,noun
launch,b2,verb
law,a2,noun
lawyer,a2,noun
lay,b1,verb
layer,b1,noun
lazy,a2,adjective
lead,b1,noun
lead,a2,verb
leader,a2,noun
leadership,b2,noun
leading,b1,adjective
leaf,b1,noun
league,b2,noun
lean,b2,verb
learn,a1,verb
learning,a2,noun
least,a2,adverb
leather,b1,noun
leave,b2,noun
leave,a1,verb
lecture,a2,noun
lecture,a2,verb
left,a1,adjective
left,a1,adverb
left,a1,noun
leg,a1,noun
legal,b1,adjective
leisure,b1,noun
lemon,a2,noun
lend,a2,verb
length,b1,noun
less,a2,adverb
lesson,a1,noun
let,a1,verb
letter,a1,noun
level,b1,adjective
level,a2,noun
level,b2,verb
library,a1,noun
licence,b2,noun
lie,b1,noun
lie,a1,verb
lie,b1,verb
life,a1,noun
lifestyle,a2,noun
lift,a2,noun
lift,a2,verb
light,a1,adjective
light,a1,noun
light,a2,verb
like,b1,noun
like,a1,verb
likely,a2,adjective
limit,b1,noun
limit,b1,verb
limited,b2,adjective
line,a1,noun
line,b2,verb
link,a2,noun
link,a2,verb
lion,a1,noun
lip,b1,noun
liquid,b1,adjective
liquid,b1,noun
list,a1,noun
list,a1,verb
listen,a1,verb
listener,a2,noun
literature,b1,noun
little,a1,adjective
little,a2,adverb
live,b1,adjective
live,b1,adverb
live,a1,verb
lively,b2,adjective
living,b1,adjective
living,b1,noun
load,b2,noun
load,b2,verb
loan,b2,noun
local,a1,adjective
local,b1,noun
locate,b1,verb
located,b1,adjective
location,b1,noun
lock,a2,noun
lock,a2,verb
logical,b2,adjective
lonely,b1,adjective
long,a1,adjective
long,a1,adverb
long-term,b2,adjective
long-term,b2,adverb
look,a2,noun
look,a1,verb
loose,b2,adjective
lord,b2,noun
lorry,a2,noun
lose,a1,verb
loss,b1,noun
lost,a2,adjective
lot,a1,adverb
loud,a2,adjective
loud,a2,adverb
loudly,a2,adverb
love,a1,noun
love,a1,verb
lovely,a2,adjective
low,a2,adjective
low,a2,adverb
low,b2,noun
lower,b2,verb
luck,a2,noun
lucky,a2,adjective
lunch,a1,noun
lung,b2,noun
luxury,b1,adjective
luxury,b1,noun
machine,a1,noun
mad,b1,adjective
magazine,a1,noun
magic,b1,adjective
magic,b1,noun
mail,a2,noun
mail,a2,verb
main,a1,adjective
mainly,b1,adverb
maintain,b2,verb
major,a2,adjective
majority,b2,noun
make,b2,noun
make,a1,verb
male,a2,adjective
male,a2,noun
mall,b1,noun
man,a1,noun
manage,a2,verb
management,b1,noun
manager,a2,noun
manner,a2,noun
map,a1,noun
map,b2,verb
march,a1,noun
mark,a2,noun
mark,a2,verb
market,a1,noun
market,b1,verb
marketing,b1,noun
marriage,b1,noun
married,a1,adjective
marry,a2,verb
mass,b2,adjective
mass,b2,noun
massive,b2,adjective
master,b2,noun
master,b2,verb
match,a1,noun
match,a1,verb
matching,b2,adjective
material,b2,adjective
material,a2,noun
mathematics,a2,noun
maths,a2,noun
matter,a2,noun
matter,a2,verb
maximum,b2,adjective
maximum,b2,noun
may,a1,noun
maybe,a1,adverb
meal,a1,noun
mean,a1,verb
meaning,a1,noun
means,b2,noun
meanwhile,b1,adverb
measure,b1,noun
measure,b1,verb
measurement,b2,noun
meat,a1,noun
media,a2,noun
medical,a2,adjective
medicine,a2,noun
medium,b1,adjective
medium,b2,noun
meet,a1,verb
meeting,a1,noun
melt,b2,verb
member,a1,noun
memory,a2,noun
mental,b1,adjective
mention,b1,noun
mention,a2,verb
menu,a1,noun
mess,b1,noun
message,a1,noun
metal,a2,noun
method,a2,noun
metre,a1,noun
middle,a2,adjective
middle,a2,noun
midnight,a1,noun
mild,b1,adjective
mile,a1,noun
military,b2,adjective
military,b2,noun
milk,a1,noun
mind,a2,noun
mind,a2,verb
mine,b1,noun
mineral,b2,noun
minimum,b2,adjective
minimum,b2,noun
minister,b2,noun
minor,b2,adjective
minority,b2,noun
minute,a1,noun
mirror,a2,noun
miss,a1,verb
missing,a2,adjective
mission,b2,noun
mistake,a1,noun
mistake,b2,verb
mix,b1,noun
mix,b1,verb
mixed,b2,adjective
mixture,b1,noun
mobile,a2,adjective
mobile,a2,noun
model,a1,noun
model,b2,verb
modern,a1,adjective
modify,b2,verb
moment,a1,noun
monday,a1,noun
money,a1,noun
monitor,b2,noun
monitor,b2,verb
monkey,a2,noun
month,a1,noun
mood,b1,noun
moon,a2,noun
moral,b2,adjective
moral,b2,noun
more,a1,adverb
morning,a1,noun
most,a1,adverb
mostly,a2,adverb
mother,a1,noun
motor,b2,adjective
motor,b2,noun
motorcycle,a2,noun
mount,b2,verb
mountain,a1,noun
mouse,a1,noun
mouth,a1,noun
move,b1,noun
move,a1,verb
movement,a2,noun
movie,a1,noun
much,a1,adverb
mud,b1,noun
multiple,b2,adjective
multiply,b2,verb
mum,a1,noun
murder,b1,noun
murder,b1,verb
muscle,b1,noun
museum,a1,noun
music,a1,noun
musical,a2,adjective
musical,b1,noun
musician,a2,noun
mysterious,b2,adjective
mystery,b1,noun
nail,b1,noun
name,a1,noun
name,a1,verb
narrative,b1,adjective
narrative,b1,noun
narrow,a2,adjective
narrow,b2,verb
nation,b1,noun
national,a2,adjective
national,b2,noun
native,b1,adjective
native,b1,noun
natural,a1,adjective
naturally,b1,adverb
nature,a2,noun
near,a1,adjective
near,a1,adverb
nearly,a2,adverb
neat,b2,adjective
necessarily,b1,adverb
necessary,a2,adjective
neck,a2,noun
need,a2,noun
need,a1,verb
needle,b1,noun
negative,a1,adjective
negative,b2,noun
neighbour,a1,noun
neighbourhood,b1,noun
neither,b1,adverb
nerve,b2,noun
nervous,a2,adjective
net,b1,noun
network,a2,noun
never,a1,adverb
nevertheless,b2,adverb
new,a1,adjective
news,a1,noun
newspaper,a1,noun
next,a1,adjective
next,a1,adverb
next,b1,noun
nice,a1,adjective
night,a1,noun
nightmare,b2,noun
noise,a2,noun
noisy,a2,adjective
nor,b1,adverb
normal,a2,adjective
normal,b1,noun
normally,a2,adverb
north,a1,adjective
north,a1,adverb
north,a1,noun
northern,b1,adjective
nose,a1,noun
not,a1,adverb
note,a1,noun
note,b1,verb
notice,a2,noun
notice,a2,verb
notion,b2,noun
novel,a2,noun
november,a1,noun
now,a1,adverb
nowhere,a2,adverb
nuclear,b1,adjective
number,a1,noun
number,a2,verb
numerous,b2,adjective
nurse,a1,noun
nut,a2,noun
o'clock,a1,adverb
obey,b2,verb
object,a1,noun
object,b2,verb
objective,b2,adjective
objective,b2,noun
obligation,b2,noun
observation,b2,noun
observe,b2,verb
obtain,b2,verb
obvious,b1,adjective
obviously,b1,adverb
occasion,b1,noun
occasionally,b2,adverb
occur,b1,verb
ocean,a2,noun
october,a1,noun
odd,b1,adjective
off,a1,adverb
offence,b2,noun
offend,b2,verb
offensive,b2,adjective
offer,a2,noun
offer,a2,verb
office,a1,noun
officer,a2,noun
official,b1,adjective
official,b2,noun
often,a1,adverb
oil,a2,noun
ok,a1,adjective
ok,a1,adverb
old,a1,adjective
old-fashioned,b1,adjective
on,a1,adverb
once,a1,adverb
onion,a1,noun
online,a1,adjective
online,a1,adverb
only,a1,adjective
only,a1,adverb
open,a1,adjective
open,a1,verb
opening,b2,noun
operate,b2,verb
operation,b1,noun
opinion,a1,noun
opponent,b2,noun
opportunity,a2,noun
oppose,b2,verb
opposed,b2,adjective
opposite,a1,adjective
opposite,a1,adverb
opposite,a1,noun
opposition,b2,noun
option,a2,noun
orange,a1,adjective
orange,a1,noun
order,a1,noun
order,a1,verb
ordinary,a2,adjective
organ,b2,noun
organization,a2,noun
organize,a2,verb
organized,b1,adjective
organizer,b1,noun
origin,b2,noun
original,a2,adjective
original,b1,noun
originally,b1,adverb
other,a1,adjective
otherwise,b2,adverb
out,a1,adverb
outcome,b2,noun
outdoor,b1,adjective
outdoors,b1,adverb
outer,b2,adjective
outline,b2,noun
outline,b2,verb
outside,a2,adjective
outside,a1,adverb
outside,a2,noun
oven,a2,noun
over,a1,adverb
overall,b2,adjective
overall,b2,adverb
owe,b2,verb
own,a1,adjective
own,a2,verb
owner,a2,noun
pace,b2,noun
pace,b2,verb
pack,b1,noun
pack,a2,verb
package,b1,noun
package,b2,verb
page,a1,noun
pain,a2,noun
painful,b1,adjective
paint,a1,noun
paint,a1,verb
painter,a2,noun
painting,a1,noun
pair,a1,noun
palace,a2,noun
pale,b1,adjective
pan,b1,noun
panel,b2,noun
pants,a2,noun
paper,a1,noun
paragraph,a1,noun
parent,a1,noun
park,a1,noun
park,a1,verb
parking,a2,noun
parliament,b2,noun
part,a1,noun
participant,b2,noun
participate,b1,verb
particular,a2,adjective
particularly,b1,adverb
partly,b2,adverb
partner,a1,noun
party,a1,noun
pass,b1,noun
pass,a2,verb
passage,b2,noun
passenger,a2,noun
passion,b1,noun
passport,a1,noun
past,a1,adjective
past,a2,adverb
past,a1,noun
path,b1,noun
patient,b2,adjective
patient,a2,noun
pattern,a2,noun
pay,a2,noun
pay,a1,verb
payment,b1,noun
peace,a2,noun
peaceful,b1,adjective
pen,a1,noun
pencil,a1,noun
penny,a2,noun
pension,b2,noun
people,a1,noun
pepper,a1,noun
per cent,a2,adjective
per cent,a2,adverb
per cent,a2,noun
percentage,b1,noun
perfect,a1,adjective
perfectly,b1,adverb
perform,a2,verb
performance,b1,noun
perhaps,a2,adverb
period,a1,noun
permanent,b2,adjective
permission,a2,noun
permit,b2,noun
permit,b2,verb
person,a1,noun
personal,a1,adjective
personality,a2,noun
personally,b1,adverb
perspective,b2,noun
persuade,b1,verb
pet,a2,noun
petrol,a2,noun
phase,b2,noun
phenomenon,b2,noun
philosophy,b2,noun
phone,a1,noun
phone,a1,verb
photo,a1,noun
photograph,a1,noun
photograph,a2,verb
photographer,b1,noun
photography,b1,noun
phrase,a1,noun
physical,a2,adjective
physics,a2,noun
piano,a1,noun
pick,b2,noun
pick,a2,verb
picture,a1,noun
picture,b2,verb
piece,a1,noun
pig,a1,noun
pile,b2,noun
pile,b2,verb
pilot,a2,noun
pin,b1,noun
pin,b1,verb
pink,a1,adjective
pink,a1,noun
pipe,b1,noun
pitch,b2,noun
place,a1,noun
place,b1,verb
plain,b2,adjective
plan,a1,noun
plan,a1,verb
plane,a1,noun
planet,a2,noun
planning,b1,noun
plant,a1,noun
plant,a2,verb
plastic,a2,adjective
plastic,a2,noun
plate,a2,noun
platform,a2,noun
play,a1,noun
play,a1,verb
player,a1,noun
pleasant,b1,adjective
please,a2,verb
pleased,a2,adjective
pleasure,b1,noun
plot,b1,noun
plot,b2,verb
plus,b2,adjective
plus,b2,noun
pocket,a2,noun
poem,b1,noun
poet,b1,noun
poetry,b1,noun
point,a1,noun
point,b1,verb
pointed,b2,adjective
poison,b1,noun
poison,b1,verb
poisonous,b1,adjective
police,a1,noun
policeman,a1,noun
policy,b1,noun
polite,a2,adjective
political,b1,adjective
politician,b1,noun
politics,b1,noun
pollution,a2,noun
pool,a1,noun
poor,a1,adjective
pop,a2,adjective
pop,a2,noun
popular,a1,adjective
popularity,b2,noun
population,a2,noun
port,b1,noun
portrait,b1,noun
pose,b2,verb
position,a2,noun
position,b2,verb
positive,a1,adjective
positive,b2,noun
possess,b2,verb
possession,a2,noun
possibility,a2,noun
possible,a1,adjective
possibly,b1,adverb
post,a1,noun
post,a1,verb
poster,a2,noun
pot,b1,noun
potato,a1,noun
potential,b2,adjective
potential,b2,noun
pound,a1,noun
pour,b1,verb
poverty,b1,noun
powder,b1,noun
power,a2,noun
power,b2,verb
powerful,b1,adjective
practical,b1,adjective
practice,a1,noun
practise,a1,verb
praise,b2,noun
praise,b2,verb
pray,b1,verb
prayer,b1,noun
predict,a2,verb
prediction,b1,noun
prefer,a1,verb
pregnant,b2,adjective
preparation,b2,noun
prepare,a1,verb
prepared,b1,adjective
presence,b2,noun
present,a1,adjective
present,a1,noun
present,a2,verb
presentation,b1,noun
preserve,b2,verb
president,a2,noun
press,b1,noun
press,b1,verb
pressure,b1,noun
pretend,b1,verb
pretty,a1,adjective
pretty,a1,adverb
prevent,a2,verb
previous,b1,adjective
previously,b1,adverb
price,a1,noun
price,b2,verb
priest,b1,noun
primary,b1,adjective
prime,b2,adjective
prince,b1,noun
princess,b1,noun
principle,b2,noun
print,b2,noun
print,a2,verb
printer,a2,noun
printing,b1,noun
priority,b2,noun
prison,a2,noun
prisoner,b1,noun
privacy,b2,noun
private,b1,adjective
prize,a2,noun
probably,a1,adverb
problem,a1,noun
procedure,b2,noun
process,a2,noun
process,b2,verb
produce,b2,noun
produce,a2,verb
producer,b1,noun
product,a1,noun
production,b1,noun
profession,b1,noun
professional,a2,adjective
professional,b2,noun
professor,a2,noun
profile,a2,noun
profit,b1,noun
program,a2,noun
program,b1,verb
programme,a1,noun
progress,a2,noun
progress,b2,verb
project,a1,noun
project,b2,verb
promise,a2,noun
promise,a2,verb
promote,b1,verb
pronounce,a2,verb
proof,b2,noun
proper,b1,adjective
properly,b1,adverb
property,b1,noun
proposal,b2,noun
propose,b2,verb
prospect,b2,noun
protect,a2,verb
protection,b2,noun
protest,b1,noun
protest,b1,verb
proud,b1,adjective
prove,b1,verb
provide,a2,verb
psychologist,b2,noun
psychology,b2,noun
pub,a2,noun
public,a2,adjective
public,a2,noun
publication,b2,noun
publish,a2,verb
pull,b1,noun
pull,a2,verb
punish,b1,verb
punishment,b1,noun
pupil,b2,noun
purchase,b2,noun
purchase,b2,verb
pure,b2,adjective
purple,a1,adjective
purple,a1,noun
purpose,a2,noun
pursue,b2,verb
push,b1,noun
push,a2,verb
put,a1,verb
qualification,b1,noun
qualified,b1,adjective
qualify,b1,verb
quality,a2,noun
quantity,a2,noun
quarter,a1,noun
queen,a2,noun
question,a1,noun
question,a2,verb
queue,b1,noun
queue,b1,verb
quick,a1,adjective
quickly,a1,adverb
quiet,a1,adjective
quietly,a2,adverb
quit,b1,verb
quite,a1,adverb
quotation,b1,noun
quote,b1,noun
quote,b1,verb
race,a2,noun
race,a2,verb
racing,b1,noun
radio,a1,noun
railway,a2,noun
rain,a1,noun
rain,a1,verb
raise,a2,verb
range,b1,noun
range,b2,verb
rank,b2,noun
rank,b2,verb
rapid,b2,adjective
rapidly,b2,adverb
rare,b1,adjective
rarely,b1,adverb
rate,a2,noun
rate,b2,verb
rather,a2,adverb
raw,b2,adjective
reach,b2,noun
reach,a2,verb
react,a2,verb
reaction,b1,noun
read,a1,verb
reader,a1,noun
reading,a1,noun
ready,a1,adjective
real,a1,adjective
realistic,b2,adjective
reality,b1,noun
realize,a2,verb
really,a1,adverb
reason,a1,noun
reasonable,b2,adjective
recall,b2,verb
receipt,b1,noun
receive,a2,verb
recent,a2,adjective
recently,a2,adverb
reception,a2,noun
recipe,a2,noun
recognize,a2,verb
recommend,a2,verb
recommendation,b1,noun
record,a2,noun
record,a2,verb
recording,a2,noun
recover,b2,verb
recycle,a2,verb
red,a1,adjective
red,a1,noun
reduce,a2,verb
reduction,b2,noun
refer,a2,verb
reference,b1,noun
reflect,b1,verb
refuse,a2,verb
regard,b2,noun
regard,b2,verb
region,a2,noun
regional,b2,adjective
register,b2,noun
register,b2,verb
regret,b2,noun
regret,b2,verb
regular,a2,adjective
regularly,b1,adverb
regulation,b2,noun
reject,b1,verb
relate,b1,verb
related,b1,adjective
relation,b1,noun
relationship,a2,noun
relative,b1,adjective
relative,b1,noun
relatively,b2,adverb
relax,a1,verb
relaxed,b1,adjective
relaxing,b1,adjective
release,b1,noun
release,b1,verb
relevant,b2,adjective
reliable,b1,adjective
relief,b2,noun
religion,b1,noun
religious,b1,adjective
rely,b2,verb
remain,b1,verb
remark,b2,noun
remark,b2,verb
remember,a1,verb
remind,b1,verb
remote,b1,adjective
remove,a2,verb
rent,b1,noun
rent,b1,verb
repair,b1,noun
repair,a2,verb
repeat,b1,noun
repeat,a1,verb
repeated,b1,adjective
replace,a2,verb
reply,a2,noun
reply,a2,verb
report,a1,noun
report,a2,verb
reporter,a2,noun
represent,b1,verb
representative,b2,adjective
representative,b2,noun
reputation,b2,noun
request,a2,noun
request,b1,verb
require,b1,verb
requirement,b2,noun
rescue,b2,noun
rescue,b2,verb
research,a2,noun
research,a2,verb
researcher,a2,noun
reservation,b1,noun
reserve,b2,noun
reserve,b2,verb
resident,b2,adjective
resident,b2,noun
resist,b2,verb
resolve,b2,verb
resort,b2,noun
resource,b1,noun
respect,b1,noun
respect,b1,verb
respond,a2,verb
response,a2,noun
responsibility,b1,noun
responsible,b1,adjective
rest,a2,noun
rest,a2,verb
restaurant,a1,noun
result,a1,noun
result,b1,verb
retain,b2,verb
retire,b1,verb
retired,b1,adjective
return,a1,noun
return,a1,verb
reveal,b2,verb
review,a2,noun
review,a2,verb
revise,b1,verb
revolution,b2,noun
reward,b2,noun
reward,b2,verb
rhythm,b2,noun
rice,a1,noun
rich,a1,adjective
rid,b2,verb
ride,a2,noun
ride,a1,verb
right,a1,adjective
right,a1,adverb
right,a1,noun
ring,a2,noun
ring,a2,verb
rise,b1,noun
rise,a2,verb
risk,b1,noun
risk,b1,verb
river,a1,noun
road,a1,noun
robot,b1,noun
rock,a2,noun
role,a2,noun
roll,b1,noun
roll,b1,verb
romantic,b1,adjective
roof,a2,noun
room,a1,noun
root,b2,noun
rope,b1,noun
rough,b1,adjective
round,a2,adjective
round,a2,adverb
round,b2,noun
route,a2,noun
routine,b2,adjective
routine,a1,noun
row,b1,noun
royal,b1,adjective
rub,b2,verb
rubber,b2,adjective
rubber,b2,noun
rubbish,a2,noun
rude,a2,adjective
rugby,b1,noun
rule,a1,noun
rule,b1,verb
run,a2,noun
run,a1,verb
runner,a2,noun
running,a2,noun
rural,b2,adjective
rush,b2,noun
rush,b2,verb
sad,a1,adjective
sadly,a2,adverb
safe,a2,adjective
safety,b1,noun
sail,b1,noun
sail,a2,verb
sailing,a2,noun
sailor,b1,noun
salad,a1,noun
salary,a2,noun
sale,a2,noun
salt,a1,noun
same,a1,adjective
same,a1,adverb
sample,b1,noun
sample,b2,verb
sand,b1,noun
sandwich,a1,noun
satellite,b2,noun
satisfied,b2,adjective
satisfy,b2,verb
saturday,a1,noun
sauce,a2,noun
save,a2,verb
saving,b2,noun
say,a1,verb
scale,b2,noun
scan,b1,verb
scared,a2,adjective
scary,a2,adjective
scene,a2,noun
schedule,a2,noun
schedule,b2,verb
scheme,b2,noun
school,a1,noun
science,a1,noun
scientific,b1,adjective
scientist,a1,noun
score,a2,noun
score,a2,verb
scream,b2,noun
scream,b2,verb
screen,a2,noun
screen,b2,verb
script,b1,noun
sculpture,b1,noun
sea,a1,noun
search,a2,noun
search,a2,verb
season,a2,noun
seat,a2,noun
seat,b2,verb
second,a2,adverb
second,a1,noun
secondary,b1,adjective
secondly,a2,adverb
secret,a2,adjective
secret,a2,noun
secretary,a2,noun
section,a1,noun
sector,b2,noun
secure,b2,adjective
secure,b2,verb
security,b1,noun
see,a1,verb
seed,b1,noun
seek,b2,verb
select,b2,verb
selection,b2,noun
self,b2,noun
sell,a1,verb
send,a1,verb
senior,b2,adjective
sense,a2,noun
sense,b2,verb
sensible,b1,adjective
sensitive,b2,adjective
sentence,a1,noun
sentence,b2,verb
separate,a2,adjective
separate,b1,verb
september,a1,noun
sequence,b2,noun
series,a2,noun
serious,a2,adjective
seriously,b1,adverb
servant,b1,noun
serve,a2,verb
service,a2,noun
session,b2,noun
set,b1,noun
set,b1,verb
setting,b1,noun
settle,b2,verb
severe,b2,adjective
sex,b1,noun
sexual,b1,adjective
shade,b2,noun
shadow,b2,noun
shake,b1,noun
shake,a2,verb
shallow,b2,adjective
shame,b2,noun
shape,a2,noun
shape,b2,verb
share,b1,noun
share,a1,verb
sharp,b1,adjective
sheep,a1,noun
sheet,a2,noun
shelf,b1,noun
shell,b1,noun
shelter,b2,noun
shelter,b2,verb
shift,b1,noun
shift,b2,verb
shine,b1,verb
shiny,b1,adjective
ship,a2,noun
ship,b2,verb
shirt,a1,noun
shock,b2,noun
shock,b2,verb
shocked,b2,adjective
shoe,a1,noun
shoot,b1,verb
shooting,b2,noun
shop,a1,noun
shop,a1,verb
shopping,a1,noun
short,a1,adjective
shot,b2,noun
shoulder,a2,noun
shout,a2,noun
shout,a2,verb
show,a1,noun
show,a1,verb
shower,a1,noun
shut,a2,adjective
shut,a2,verb
shy,b1,adjective
sick,a1,adjective
side,a2,noun
sight,b1,noun
sign,a2,noun
sign,a2,verb
signal,b1,noun
signal,b1,verb
significant,b2,adjective
significantly,b2,adverb
silence,b2,noun
silent,b1,adjective
silk,b2,noun
silly,b1,adjective
silver,a2,adjective
silver,a2,noun
similar,a1,adjective
similarity,b1,noun
similarly,b1,adverb
simple,a2,adjective
simply,b1,adverb
since,b1,adverb
sincere,b2,adjective
sing,a1,verb
singer,a1,noun
singing,a2,noun
single,a2,adjective
single,a2,noun
sink,b1,verb
sir,a2,noun
sister,a1,noun
sit,a1,verb
site,a2,noun
situation,a1,noun
size,a2,noun
ski,a2,adjective
ski,a2,noun
ski,a2,verb
skiing,a2,noun
skill,a1,noun
skin,a2,noun
skirt,a1,noun
sky,a2,noun
slave,b2,noun
sleep,a2,noun
sleep,a1,verb
slice,b1,noun
slice,b1,verb
slide,b2,noun
slide,b2,verb
slight,b2,adjective
slightly,b1,adverb
slip,b2,verb
slope,b2,noun
slope,b2,verb
slow,a1,adjective
slow,b1,verb
slowly,a2,adverb
small,a1,adjective
smart,b1,adjective
smartphone,a2,noun
smell,a2,noun
smell,a2,verb
smile,a2,noun
smile,a2,verb
smoke,a2,noun
smoke,a2,verb
smoking,a2,noun
smooth,b1,adjective
snake,a1,noun
snow,a1,noun
snow,a1,verb
so,a1,adverb
soap,a2,noun
soccer,a2,noun
social,a2,adjective
society,a2,noun
sock,a2,noun
soft,a2,adjective
software,b1,noun
soil,b1,noun
solar,b2,adjective
soldier,a2,noun
solid,b1,adjective
solid,b1,noun
solution,a2,noun
solve,a2,verb
sometimes,a1,adverb
somewhat,b2,adverb
somewhere,a2,adverb
son,a1,noun
song,a1,noun
soon,a1,adverb
sorry,a1,adjective
sort,a2,noun
sort,b1,verb
soul,b2,noun
sound,a1,noun
sound,a1,verb
soup,a1,noun
source,a2,noun
south,a1,adjective
south,a1,adverb
south,a1,noun
southern,b1,adjective
space,a1,noun
speak,a1,verb
speaker,a2,noun
special,a1,adjective
specialist,b2,adjective
specialist,b2,noun
species,b2,noun
specific,a2,adjective
specifically,b1,adverb
speech,a2,noun
speed,a2,noun
speed,b2,verb
spell,a1,verb
spelling,a1,noun
spend,a1,verb
spending,b1,noun
spicy,b1,adjective
spider,a2,noun
spirit,b1,noun
spiritual,b2,adjective
split,b2,noun
split,b2,verb
spoken,b1,adjective
sponsor,b2,noun
sponsor,b2,verb
spoon,a2,noun
sport,a1,noun
spot,b1,noun
spot,b2,verb
spread,b2,noun
spread,b1,verb
spring,a1,noun
spring,b2,verb
square,a2,adjective
square,a2,noun
stable,b2,adjective
stadium,b1,noun
staff,b1,noun
stage,a2,noun
stage,b2,verb
stair,a2,noun
stamp,a2,noun
stand,b2,noun
stand,a1,verb
standard,b1,adjective
standard,b1,noun
star,a1,noun
star,a2,verb
stare,b2,verb
start,a2,noun
start,a1,verb
state,b1,adjective
state,a2,noun
state,b1,verb
statement,a1,noun
station,a1,noun
statistic,b1,noun
statue,b1,noun
status,b2,noun
stay,a2,noun
stay,a1,verb
steady,b2,adjective
steal,a2,verb
steel,b2,noun
steep,b2,adjective
step,a2,noun
step,b2,verb
stick,b1,noun
stick,b1,verb
sticky,b2,adjective
stiff,b2,adjective
still,b1,adjective
still,a1,adverb
stock,b2,noun
stomach,a2,noun
stone,a2,noun
stop,a1,noun
stop,a1,verb
store,a2,noun
store,b1,verb
storm,a2,noun
story,a1,noun
straight,a2,adjective
straight,a2,adverb
strange,a2,adjective
stranger,b1,noun
strategy,a2,noun
stream,b2,noun
street,a1,noun
strength,b1,noun
stress,a2,noun
stress,a2,verb
stretch,b2,noun
stretch,b2,verb
strict,b2,adjective
strike,b2,noun
strike,b2,verb
string,b1,noun
strong,a1,adjective
strongly,b1,adverb
structure,a2,noun
structure,b2,verb
struggle,b2,noun
struggle,b2,verb
student,a1,noun
studio,b1,noun
study,a1,noun
study,a1,verb
stuff,b1,noun
stuff,b2,verb
stupid,a2,adjective
style,a1,noun
subject,b2,adjective
subject,a1,noun
submit,b2,verb
substance,b1,noun
succeed,a2,verb
success,a1,noun
successful,a2,adjective
successfully,b1,adverb
sudden,b1,adjective
suddenly,a2,adverb
suffer,b1,verb
sugar,a1,noun
suggest,a2,verb
suggestion,a2,noun
suit,a2,noun
suit,b1,verb
suitable,b1,adjective
sum,b2,noun
sum,b2,verb
summarize,b1,verb
summary,b1,noun
summer,a1,noun
sun,a1,noun
sunday,a1,noun
supermarket,a1,noun
supply,b1,noun
supply,b1,verb
support,a2,noun
support,a2,verb
supporter,b1,noun
suppose,a2,verb
sure,a1,adjective
sure,a2,adverb
surely,b1,adverb
surface,b1,noun
surgery,b2,noun
surprise,a2,noun
surprise,a2,verb
surprised,a2,adjective
surprising,a2,adjective
surround,b2,verb
surrounding,b2,adjective
survey,a2,noun
survey,b2,verb
survive,b1,verb
suspect,b2,noun
suspect,b2,verb
swear,b2,verb
sweater,a1,noun
sweep,b2,verb
sweet,a2,adjective
sweet,a2,noun
swim,b1,noun
swim,a1,verb
swimming,a1,noun
switch,b2,noun
switch,b1,verb
symbol,a2,noun
sympathy,b2,noun
symptom,b1,noun
system,a2,noun
t-shirt,a1,noun
table,a1,noun
tablet,a2,noun
tail,b1,noun
take,a1,verb
tale,b2,noun
talent,b1,noun
talented,b1,adjective
talk,a2,noun
talk,a1,verb
tall,a1,adjective
tank,b2,noun
tape,b1,noun
target,a2,noun
target,b2,verb
task,a2,noun
taste,a2,noun
taste,a2,verb
tax,b1,noun
tax,b1,verb
taxi,a1,noun
tea,a1,noun
teach,a1,verb
teacher,a1,noun
teaching,a2,noun
team,a1,noun
tear,b2,noun
tear,b2,verb
technical,b1,adjective
technique,b1,noun
technology,a2,noun
teenage,a2,adjective
teenager,a1,noun
telephone,a1,noun
telephone,a1,verb
television,a1,noun
tell,a1,verb
temperature,a2,noun
temporary,b2,adjective
tend,b1,verb
tennis,a1,noun
tent,b1,noun
term,a2,noun
term,b2,verb
terrible,a1,adjective
test,a1,noun
test,a1,verb
text,a1,noun
text,a2,verb
thank,a1,verb
thanks,a1,noun
that,b1,adverb
theatre,a1,noun
theme,b1,noun
then,a1,adverb
theory,b1,noun
therapy,b2,noun
there,a1,adverb
therefore,b1,adverb
thick,a2,adjective
thief,a2,noun
thin,a2,adjective
thing,a1,noun
think,a1,verb
thinking,a2,noun
third,a2,noun
thirsty,a1,adjective
this,b1,adverb
though,b1,adverb
thought,a2,noun
threat,b2,noun
threaten,b2,verb
throat,b1,noun
through,a1,adverb
throughout,b1,adverb
throw,a2,verb
thursday,a1,noun
thus,b2,adverb
ticket,a1,noun
tidy,a2,adjective
tidy,a2,verb
tie,a2,noun
tie,a2,verb
tight,b1,adjective
time,a1,noun
time,b2,verb
tin,b1,noun
tiny,b1,adjective
tip,a2,noun
tip,b1,verb
tired,a1,adjective
title,a1,noun
title,b2,verb
today,a1,adverb
today,a1,noun
toe,b1,noun
together,a1,adverb
toilet,a1,noun
tomato,a1,noun
tomorrow,a1,adverb
tomorrow,a1,noun
tone,b2,noun
tongue,b1,noun
tonight,a1,adverb
tonight,a1,noun
too,a1,adverb
tool,a2,noun
tooth,a1,noun
top,a2,adjective
top,a2,noun
topic,a1,noun
total,b1,adjective
total,b1,noun
totally,b1,adverb
touch,b1,noun
touch,a2,verb
tough,b2,adjective
tour,a2,noun
tour,b1,verb
tourism,a2,noun
tourist,a1,noun
towel,a2,noun
tower,a2,noun
town,a1,noun
toy,a2,adjective
toy,a2,noun
track,a2,noun
track,b2,verb
trade,b1,noun
trade,b1,verb
tradition,a2,noun
traditional,a2,adjective
traffic,a1,noun
train,a1,noun
train,a2,verb
trainer,a2,noun
training,a2,noun
transfer,b2,noun
transfer,b2,verb
transform,b2,verb
transition,b2,noun
translate,b1,verb
translation,b1,noun
transport,a2,noun
transport,b1,verb
travel,a1,noun
travel,a1,verb
traveller,a2,noun
treat,b1,verb
treatment,b1,noun
tree,a1,noun
trend,b1,noun
trial,b2,noun
trick,b1,noun
trick,b1,verb
trip,a1,noun
trip,b2,verb
tropical,b2,adjective
trouble,a2,noun
trouble,b2,verb
trousers,a1,noun
truck,a2,noun
true,a1,adjective
truly,b2,adverb
trust,b2,noun
trust,b2,verb
truth,b1,noun
try,b2,noun
try,a1,verb
tube,b1,noun
tuesday,a1,noun
tune,b2,noun
tunnel,b2,noun
turn,a1,noun
turn,a1,verb
tv,a1,noun
twice,a1,adverb
twin,a2,adjective
twin,a2,noun
type,a1,noun
type,b1,verb
typical,a2,adjective
typically,b1,adverb
tyre,b1,noun
ugly,b1,adjective
ultimately,b2,adverb
umbrella,a1,noun
unable,b1,adjective
uncle,a1,noun
uncomfortable,b1,adjective
unconscious,b2,adjective
under,a1,adverb
underground,a2,adjective
underground,a2,adverb
understand,a1,verb
understanding,a2,noun
underwear,b1,noun
unemployed,b1,adjective
unemployment,b1,noun
unexpected,b2,adjective
unfair,b1,adjective
unfortunately,a2,adverb
unhappy,a2,adjective
uniform,a2,noun
union,b1,noun
unique,b2,adjective
unit,a2,noun
united,a2,adjective
universe,b2,noun
university,a1,noun
unknown,b2,adjective
unlikely,b1,adjective
unnecessary,b1,adjective
unpleasant,b1,adjective
unusual,a2,adjective
up,a1,adverb
update,b1,noun
update,b1,verb
upper,b2,adjective
upset,b1,adjective
upset,b1,verb
upstairs,a2,adjective
upstairs,a1,adverb
upwards,b2,adverb
urban,b2,adjective
urge,b2,verb
use,a2,noun
use,a1,verb
used,b1,adjective
useful,a1,adjective
user,a2,noun
usual,a2,adjective
usually,a1,adverb
vacation,a1,noun
valley,a2,noun
valuable,b1,adjective
value,b1,noun
value,b2,verb
van,a2,noun
variety,a2,noun
various,b1,adjective
vary,b2,verb
vast,b2,adjective
vegetable,a1,noun
vehicle,a2,noun
venue,b2,noun
version,b1,noun
very,b2,adjective
very,a1,adverb
victim,b1,noun
victory,b2,noun
video,a1,noun
view,a2,noun
view,b1,verb
viewer,b1,noun
village,a1,noun
violence,b2,noun
violent,b1,adjective
virtual,b2,adjective
virus,a2,noun
vision,b2,noun
visit,a1,noun
visit,a1,verb
visitor,a1,noun
visual,b2,adjective
vital,b2,adjective
vitamin,b2,noun
voice,a2,noun
volume,b2,noun
volunteer,b1,noun
volunteer,b1,verb
vote,b1,noun
vote,b1,verb
wage,b2,noun
wait,a2,noun
wait,a1,verb
waiter,a1,noun
wake,a1,verb
walk,a1,noun
walk,a1,verb
wall,a1,noun
want,a1,verb
war,a2,noun
warm,a1,adjective
warm,b1,verb
warn,b1,verb
warning,b1,noun
wash,a2,noun
wash,a1,verb
washing,a2,noun
waste,b1,adjective
waste,b1,noun
waste,b1,verb
watch,a1,noun
watch,a1,verb
water,a1,noun
water,b1,verb
wave,a2,noun
wave,b1,verb
way,b2,adverb
way,a1,noun
weak,a2,adjective
weakness,b2,noun
wealth,b2,noun
wealthy,b2,adjective
weapon,b1,noun
wear,a1,verb
weather,a1,noun
web,a2,noun
website,a1,noun
wedding,a2,noun
wednesday,a1,noun
week,a1,noun
weekend,a1,noun
weigh,b1,verb
weight,a2,noun
welcome,a1,adjective
welcome,a2,noun
welcome,a1,verb
well,a1,adjective
well,a1,adverb
west,a1,adjective
west,a1,adverb
west,a1,noun
western,b1,adjective
wet,a2,adjective
wheel,a2,noun
when,a1,adverb
where,a1,adverb
while,b1,noun
whisper,b2,noun
whisper,b2,verb
white,a1,adjective
white,a1,noun
whole,a2,adjective
whole,b1,noun
why,a1,adverb
wide,a2,adjective
widely,b2,adverb
wife,a1,noun
wild,a2,adjective
wildlife,b2,noun
will,b1,noun
willing,b2,adjective
win,b1,noun
win,a1,verb
wind,a2,noun
wind,b2,verb
window,a1,noun
wine,a1,noun
wing,b1,noun
winner,a2,noun
winter,a1,noun
wire,b2,noun
wise,b2,adjective
wish,a2,noun
wish,a2,verb
witness,b2,noun
witness,b2,verb
woman,a1,noun
wonder,b1,noun
wonder,b1,verb
wonderful,a1,adjective
wood,a2,noun
wooden,a2,adjective
wool,b1,noun
word,a1,noun
work,a1,noun
work,a1,verb
worker,a1,noun
working,a2,adjective
world,a1,noun
worldwide,b1,adjective
worldwide,b1,adverb
worried,a2,adjective
worry,b1,noun
worry,a2,verb
worse,a2,adjective
worse,b1,adverb
worse,b2,noun
worst,a2,adjective
worst,b1,adverb
worst,b2,noun
worth,b1,adjective
worth,b2,noun
wound,b2,noun
wound,b2,verb
wrap,b2,verb
write,a1,verb
writer,a1,noun
writing,a1,noun
written,b1,adjective
wrong,a1,adjective
wrong,b1,adverb
wrong,b2,noun
yard,b1,noun
year,a1,noun
yellow,a1,adjective
yellow,a1,noun
yesterday,a1,adverb
yesterday,a1,noun
yet,a2,adverb
young,a1,adjective
young,b1,noun
youth,b1,noun
zone,b2,noun
